OpenTime,Open,High,Low,Close,BaseVolume,CloseTime,QuoteVolume,TradeCount,TakerBuyBaseVolume,TakerBuyQuoteVolume
1641857040,41798.70000000,41811.87000000,41783.29000000,41783.29000000,22.15570000,1641857099,926003.36816510,386,14.91624000,623421.31191980
1641857100,41800.31000000,41820.75000000,41771.57000000,41771.57000000,12.26566000,1641857159,512703.01066350,355,6.50720000,272035.70363460
1641857160,41776.44000000,41790.80000000,41756.36000000,41756.36000000,13.83218000,1641857219,577740.83090860,342,4.71903000,197101.01574680
1641857220,41759.34000000,41772.28000000,41750.00000000,41750.00000000,13.50934000,1641857279,564167.12381950,269,6.30204000,263184.73957880